Nome,Telefone,Email
Leo Bass,(22) 5 1270-8121,tellus@outlook.com
Maite Parker,(25) 2 7932-6463,varius.et.euismod@google.org
Preston Carlson,(71) 4 5672-4378,hendrerit.neque@outlook.com
Tate Patel,(86) 2 5225-8750,justo.praesent@aol.com
Kasper Dalton,(24) 3 4714-2714,accumsan.neque@icloud.net
David Copeland,(37) 1 3121-4797,rutrum.magna@icloud.ca
Amery Guthrie,(04) 9 6748-3571,praesent.eu@aol.com
Timon Kidd,(69) 5 1437-4761,vivamus.molestie@hotmail.org
George Lara,(37) 4 6736-3354,duis.volutpat@google.edu
Maya Lucas,(79) 0 1644-2245,eu.tellus@protonmail.com
Glenna Cotton,(49) 0 4974-3577,enim.nisl@protonmail.com
Honorato Rojas,(46) 4 7619-0346,ac.mi@outlook.net
Francis Carver,(21) 4 1233-8227,nec@google.org
Madonna Bradshaw,(76) 7 8215-7283,neque.venenatis.lacus@google.org
Gail House,(62) 2 2450-3607,eleifend@protonmail.net
Callum Kent,(12) 6 5161-6828,magna.tellus@protonmail.edu
Julie House,(75) 4 2046-1436,dictum@icloud.edu
Willow Cash,(14) 0 8456-0268,aliquet.phasellus@aol.couk
Coby Madden,(43) 8 5950-5847,lacinia.orci@icloud.ca
Len Sandoval,(86) 3 7768-6785,felis.nulla.tempor@hotmail.couk
Naida Love,(24) 3 8724-8345,nisi.nibh.lacinia@yahoo.couk
Samson Mills,(71) 1 2054-3602,libero.proin@icloud.couk
Hamilton Gray,(54) 6 5815-7355,nisl@outlook.ca
Jolene Dale,(95) 7 7674-4867,ut@google.net
Martha Hester,(22) 2 7880-8864,viverra.maecenas@protonmail.couk
Phelan Mcfadden,(47) 8 3065-5117,aliquam.iaculis@outlook.edu
Axel Paul,(68) 3 5172-4561,curabitur.sed.tortor@google.couk
Maggy Burke,(80) 7 2289-3708,aliquam.adipiscing@yahoo.ca
Alexander Shannon,(32) 7 8318-2756,lorem.ipsum.dolor@icloud.couk
Angela Jordan,(77) 8 4273-7622,volutpat@google.couk
Darius Ramos,(69) 8 4248-7978,nulla@aol.org
Alec Stuart,(37) 7 7742-5620,dictum.eu.placerat@yahoo.edu
Rhiannon Castaneda,(27) 2 2790-2866,sit.amet@protonmail.org
Octavius Harper,(25) 7 2231-6636,placerat.cras@protonmail.com
Mohammad Glass,(90) 5 7325-9872,morbi.metus@outlook.couk
Lilah Logan,(91) 1 3164-7967,ipsum.suspendisse@yahoo.ca
Cameron Clemons,(06) 0 3637-2668,scelerisque.lorem@google.net
Orson Lancaster,(84) 4 5583-2456,consequat.dolor@google.org
Jameson Ellis,(74) 6 2433-3732,magna.sed@hotmail.edu
Kibo Jordan,(17) 2 4253-1305,porttitor.scelerisque.neque@aol.com
Fleur Charles,(78) 8 9784-2582,proin.vel@aol.net
Carter Reid,(36) 0 4536-5132,semper@protonmail.com
Luke Moore,(38) 2 4176-8248,vulputate.dui@icloud.net
Guinevere Hammond,(84) 9 3617-3782,bibendum.ullamcorper@aol.ca
Valentine Hyde,(12) 3 6366-4555,consequat.purus@icloud.ca
Joshua Burch,(36) 1 3655-9620,feugiat.lorem@hotmail.edu
Linda Norman,(79) 8 3715-7264,posuere.at.velit@protonmail.net
Burke Gonzales,(42) 7 7341-4475,nulla@aol.edu
Justina Walter,(41) 6 6541-0552,pharetra@outlook.com
Petra Carney,(33) 1 4515-6466,ornare.fusce.mollis@protonmail.net
Hadassah Kent,(43) 5 2687-4511,enim.gravida@hotmail.org
Pandora Ochoa,(63) 3 4176-1488,nulla.dignissim@outlook.couk
Richard Bartlett,(43) 8 8436-8431,ut.semper.pretium@google.couk
Zephania Nixon,(52) 7 8295-4688,enim.gravida.sit@google.couk
Beatrice Carver,(14) 4 2749-8883,volutpat@yahoo.edu
Elvis Huffman,(87) 7 6756-4895,sem.magna@protonmail.com
Ronan Griffin,(07) 7 8272-2094,dictum@icloud.ca
Linus Ross,(74) 3 8121-7191,taciti.sociosqu.ad@aol.net
Coby Bond,(83) 2 5541-1545,quisque.ornare.tortor@google.ca
Kelly O'donnell,(44) 0 2486-7382,hendrerit.donec.porttitor@icloud.net
Tanner Sosa,(38) 1 1266-4229,justo.proin@protonmail.ca
Raymond Osborn,(03) 8 7852-3546,donec.feugiat@protonmail.net
Jamal Fischer,(62) 6 8275-2775,mollis.non@google.org
Channing Miles,(24) 8 4764-8177,tellus.phasellus@protonmail.org
Kenneth Ferguson,(45) 8 5163-7718,eu.ultrices.sit@aol.com
Malcolm Mack,(06) 1 8298-2624,vehicula.aliquet.libero@protonmail.ca
Fleur Patterson,(78) 0 3730-1641,cursus.luctus.ipsum@outlook.edu
Sasha Matthews,(96) 4 0160-2596,cursus.integer.mollis@outlook.ca
Phoebe Walsh,(75) 0 2650-1368,nunc.quis@outlook.edu
Gary Weiss,(77) 1 7675-4112,quis.tristique@icloud.couk
Tyler Hernandez,(32) 3 1466-0775,sed.pharetra.felis@outlook.edu
Tanya Kim,(72) 8 9673-7611,integer.aliquam@icloud.com
Todd Good,(65) 8 6674-3394,et.malesuada@icloud.com
Aimee Clarke,(23) 1 8341-6543,rutrum@yahoo.ca
Aphrodite Strickland,(07) 4 8452-8669,parturient.montes@protonmail.couk
Eleanor Fry,(81) 0 1769-4356,proin@protonmail.edu
Ocean Madden,(82) 9 7259-6244,penatibus.et@yahoo.org
Dillon Valdez,(54) 0 8892-6769,nulla.magna@outlook.couk
Venus Reyes,(94) 6 8899-2678,tempus.mauris@aol.couk
Erich Delacruz,(55) 5 4330-6416,non@google.com
Elaine Simpson,(59) 5 6261-6222,consectetuer.mauris@aol.ca
Rachel Garner,(68) 8 3115-8507,aliquet@aol.org
Jasmine Chaney,(82) 3 5546-1790,tempor.erat@icloud.edu
Darrel Walton,(29) 1 7552-7944,placerat@protonmail.com
Brody Gordon,(21) 1 4498-0885,ridiculus@hotmail.com
Amity Lowe,(56) 1 2872-6354,ante.vivamus@outlook.com
Isaac Wolfe,(17) 6 5425-3353,sodales.nisi@yahoo.couk
Francis Mcintyre,(26) 2 9186-2323,risus.a.ultricies@yahoo.com
Meredith Oneil,(86) 2 4630-8275,at.iaculis@outlook.net
Keane Hall,(18) 9 7753-7973,vivamus.rhoncus@google.com
Michelle Foster,(70) 2 3678-5568,arcu.et.pede@google.ca
Maya Jennings,(48) 3 8265-2682,augue.eu@yahoo.com
Kane Poole,(44) 0 4443-8962,lorem.vitae.odio@hotmail.net
Orla Forbes,(16) 8 2334-8489,mauris.vel@yahoo.edu
Griffith Stafford,(42) 2 1308-8182,odio.phasellus@yahoo.net
Dustin Sutton,(52) 5 1642-2854,lacinia.at.iaculis@outlook.ca
Levi Mccall,(37) 1 6181-4841,etiam@google.com
Ferdinand Olson,(62) 6 2535-1298,elementum@hotmail.ca
Keelie Valenzuela,(44) 1 1874-6585,turpis.egestas.fusce@outlook.net
Virginia Craig,(10) 3 2278-1755,fames.ac@protonmail.couk
Tanek Glover,(73) 3 8371-7032,pede.cras@hotmail.couk
Hope Kramer,(37) 6 5259-3905,non.arcu@yahoo.edu
Ifeoma Zamora,(86) 6 3793-8913,tempus.risus@protonmail.couk
Bevis Mccray,(40) 4 3138-0540,ullamcorper.duis.cursus@yahoo.net
Ivory Rodgers,(18) 4 2067-6262,semper.egestas.urna@hotmail.com
Herrod Pierce,(38) 7 6564-3216,in.faucibus.orci@yahoo.com
Callum Caldwell,(83) 3 4755-6577,risus.in@aol.org
Vincent Golden,(40) 1 6933-8537,vel.faucibus@icloud.ca
Alvin Blair,(15) 0 2756-9026,diam.luctus.lobortis@protonmail.com
Wanda Payne,(38) 7 4617-2505,nisl.elementum@google.com
Jasper Gross,(52) 8 8865-7312,sed.neque@google.edu
Ivana Maddox,(28) 9 0069-3718,dolor.quam.elementum@yahoo.net
Scott Whitney,(81) 3 1497-4619,etiam.imperdiet.dictum@icloud.org
Rosalyn Espinoza,(02) 7 4410-6256,pellentesque@icloud.edu
Kane Salas,(13) 8 4480-2844,bibendum.sed.est@google.net
Melinda Cooper,(57) 7 8841-1777,nisi.magna@hotmail.edu
Demetrius Alston,(86) 2 1843-3316,suspendisse.aliquet@google.couk
Aladdin Wiley,(56) 5 1927-6482,non.bibendum@aol.edu
Bevis Mcconnell,(15) 1 6394-4885,vel@icloud.ca
Denton Church,(76) 4 9313-1654,egestas.lacinia.sed@hotmail.net
Chandler Joyner,(92) 3 2412-0181,tristique.aliquet@aol.edu
Gregory Morton,(28) 9 2605-5859,elit@hotmail.couk
Tatyana Hahn,(36) 6 4527-3244,parturient@aol.ca
Ifeoma Velasquez,(16) 3 3841-1359,magna.lorem@outlook.net
Keefe Justice,(47) 9 1147-1430,odio.phasellus@hotmail.couk
Quinlan Romero,(68) 1 6743-4820,consequat@aol.com
Yasir Tyson,(28) 1 9504-4662,duis.risus@aol.couk
Judah Stone,(21) 3 8293-3873,dictum.magna.ut@outlook.org
Hayden Lloyd,(53) 7 3784-3511,non.egestas@yahoo.net
Barclay Vaughan,(23) 4 6582-1787,sit.amet@yahoo.com
Mechelle Bowen,(84) 1 2307-5764,quam.a@aol.edu
Marcia Howard,(17) 2 7639-4134,mauris@yahoo.org
Kathleen Justice,(58) 6 8320-0677,sed.id@yahoo.edu
Randall Oneal,(75) 8 7621-3141,adipiscing.fringilla@aol.edu
Hunter Gilbert,(39) 6 3537-5215,vitae@hotmail.edu
Yoko Foreman,(74) 3 6225-5607,adipiscing.lacus.ut@protonmail.com
Cynthia Petersen,(72) 8 4207-5189,urna.convallis@icloud.couk
Quamar Boyd,(37) 5 7568-7897,ligula@protonmail.couk
Mia Dejesus,(18) 7 6606-2813,sed.molestie@hotmail.net
Plato Sparks,(44) 3 1312-4387,risus@icloud.ca
William Gregory,(03) 1 5620-7146,magna.lorem@aol.net
Camden Whitley,(64) 9 2609-9626,malesuada.malesuada.integer@yahoo.org
Fletcher Douglas,(41) 8 2130-4641,dui.in@outlook.couk
Beck Summers,(26) 5 7939-5347,curabitur.massa@hotmail.edu
Natalie Benjamin,(54) 6 2737-2451,ornare.libero@aol.org
Wayne Carr,(48) 9 4848-2922,bibendum.donec.felis@outlook.com
Jack Sharp,(45) 1 9813-7127,morbi@hotmail.edu
Felicia Acosta,(41) 0 7731-4837,neque@icloud.org
Cheyenne Hunter,(79) 8 5534-6535,donec.luctus@hotmail.org
Colby Davidson,(80) 9 5234-7559,ipsum@google.edu
Ria Delacruz,(11) 8 5888-1047,ultricies.dignissim@hotmail.edu
Neville Cochran,(71) 6 5468-6257,quam.vel@outlook.org
Shea Taylor,(09) 6 8658-4513,sapien@google.net
Risa Quinn,(35) 2 4597-4415,sem@hotmail.com
Nasim Bowers,(24) 3 6196-5253,dolor.sit.amet@google.org
Clio Stokes,(50) 4 7643-1152,volutpat.nunc@aol.edu
Brendan Simmons,(02) 5 7821-3503,adipiscing.lobortis@google.couk
Ignatius Michael,(22) 3 2119-0556,non.sapien.molestie@aol.net
Christen Odom,(02) 2 5845-8746,lacus@hotmail.edu
Dawn Stokes,(86) 3 7762-8965,nunc.quisque@icloud.net
Mara Ballard,(72) 7 1106-4623,ridiculus@protonmail.com
Yeo Becker,(35) 0 0796-3604,nulla.cras.eu@protonmail.couk
Illiana Hood,(56) 2 5418-6955,orci@google.com
Armand Wagner,(14) 3 4342-6858,rhoncus@aol.edu
Selma Paul,(87) 1 4440-0747,elit.pede.malesuada@hotmail.couk
Burke Norman,(32) 3 3197-9614,libero.et.tristique@protonmail.org
Halee Beasley,(48) 2 1211-6878,ac.metus@outlook.ca
Zelenia Singleton,(57) 0 6189-5118,ornare@outlook.edu
Aretha Guerrero,(26) 4 6757-2454,a@yahoo.couk
Abra Humphrey,(36) 1 8655-6900,cras.dolor.dolor@outlook.couk
Nehru Hyde,(35) 1 4218-8370,vulputate@google.ca
George Clayton,(67) 1 2433-1468,proin.vel@outlook.net
Shannon Cardenas,(93) 3 3164-2345,tincidunt@aol.couk
Audra Decker,(29) 7 7145-3357,nulla.eget@protonmail.edu
Melodie Haynes,(60) 3 2847-8781,vulputate.lacus.cras@outlook.edu
Zachary Booth,(86) 2 8888-0434,sed.eu@protonmail.couk
Justina Mcclure,(82) 3 1872-3696,aliquet@yahoo.net
Nolan Fletcher,(01) 4 3556-2758,mauris.ut.quam@hotmail.com
Deanna Jensen,(13) 1 7429-2863,mauris.integer@protonmail.couk
Holmes Bass,(23) 4 3284-8486,consequat.nec.mollis@protonmail.net
Zane Murphy,(31) 8 1061-7915,consectetuer.ipsum@google.couk
Catherine Donaldson,(87) 5 7707-7076,sem.eget@aol.net
Richard Ruiz,(46) 7 6427-7523,dui.in@icloud.org
Skyler Flowers,(38) 4 3436-8284,ipsum.dolor@aol.edu
Clayton Cole,(33) 3 5472-1598,mauris.ipsum@hotmail.net
Germaine Shelton,(02) 6 8164-7784,dui.fusce@protonmail.couk
Rebekah Johnston,(22) 9 3436-4932,mauris.sagittis@google.edu
Jade Alvarado,(57) 9 2498-6702,pretium.et.rutrum@aol.couk
Kelsey Richard,(47) 9 9332-4668,dictum.magna@icloud.net
Brian Paul,(52) 2 1182-9666,mauris.sit@outlook.org
Bell Parker,(88) 7 2878-3864,nulla@yahoo.net
Zenaida Watkins,(64) 8 2844-2743,duis.dignissim.tempor@icloud.ca
Kimberley Chase,(74) 4 2255-0224,tincidunt.nunc@icloud.org
Ora Nixon,(70) 5 4152-1822,non.feugiat.nec@hotmail.net
Hollee Dawson,(74) 8 1608-2736,dolor.elit@icloud.org
Giselle Luna,(69) 2 3287-0705,integer@hotmail.com
Reese Vazquez,(68) 5 7643-1316,dictum.proin@google.org
Thane Jimenez,(11) 4 4455-2627,rutrum@aol.com
Castor Wagner,(12) 4 3225-4401,donec.tempor@protonmail.org
Ahmed Beard,(02) 5 6376-0411,magnis.dis.parturient@icloud.edu
Cameron Williamson,(21) 3 6283-1589,urna.justo.faucibus@yahoo.ca
Sharon Mendoza,(36) 4 1625-5156,aliquet@yahoo.com
Felicia Golden,(81) 3 8167-1714,pretium@protonmail.couk
Jackson O'Neill,(04) 6 4617-8318,urna@yahoo.com
Faith Chavez,(16) 4 9859-2862,et.lacinia@outlook.ca
Cameron Russo,(82) 0 8610-8142,phasellus.elit@yahoo.edu
Isabella Frazier,(28) 0 4632-6291,quam.a@icloud.couk
Brendan Vazquez,(48) 4 1115-6477,cursus.integer@protonmail.ca
Karleigh Chambers,(77) 5 5238-2141,ligula.donec@yahoo.net
Cade Horn,(25) 5 9864-6463,duis@aol.com
Brett Horton,(61) 9 1512-8682,velit.eget@hotmail.net
Micah Mcintyre,(38) 0 6613-1152,sed.pede@aol.org
Cora Travis,(81) 7 7538-4334,nisl.maecenas@outlook.couk
Alana Hooper,(29) 3 6448-1850,metus.urna@hotmail.ca
Daria Wall,(12) 7 8311-4338,ultrices@hotmail.edu
Katell Foreman,(87) 4 8616-1429,sapien.nunc@protonmail.couk
Clinton Cantu,(78) 2 5786-4547,tempus.non@icloud.net
Dorothy Cunningham,(26) 6 1677-4582,aliquam.adipiscing.lobortis@icloud.net
Kiara Blake,(56) 0 8346-1423,parturient.montes@hotmail.net
Luke Dalton,(25) 9 9655-1418,aenean.egestas.hendrerit@icloud.couk
Xanthus Hutchinson,(31) 8 6286-7392,non.vestibulum.nec@icloud.net
Jasmine Allen,(44) 5 5608-8133,donec.est@aol.net
Amal Knapp,(81) 5 3846-1163,dis.parturient@protonmail.com
Justina Levy,(49) 1 1515-1109,proin@hotmail.ca
Nerea Davenport,(38) 4 6939-4732,auctor.quis@hotmail.org
Fatima Johnston,(33) 2 4424-1324,quam@google.org
Jolene Hopper,(73) 3 2636-7064,nunc.sed@icloud.couk
Mara Dennis,(61) 8 1156-4152,arcu.et@hotmail.org
Philip Salazar,(42) 7 1508-5233,nunc.mauris@protonmail.com
Addison Barron,(67) 1 6797-2501,fusce.fermentum@outlook.org
Griffin Velez,(22) 8 8119-2515,feugiat@hotmail.org
Seth Guzman,(87) 2 7100-7103,nibh.sit.amet@outlook.ca
Henry Calhoun,(25) 3 7901-5215,pellentesque.tellus.sem@google.com
Alden Callahan,(51) 0 1375-0864,et.netus.et@hotmail.org
Robert Valdez,(06) 0 9526-1853,porttitor@google.ca
Aristotle Freeman,(45) 5 1387-4682,erat.vivamus@yahoo.ca
Teagan Dyer,(81) 9 1301-1187,in.condimentum.donec@outlook.net
Dale Langley,(86) 9 5546-1457,posuere@outlook.edu
Phoebe Dudley,(71) 1 4852-7452,vivamus.molestie@outlook.com
Xyla Acevedo,(81) 5 4275-1765,nunc.ut@protonmail.net
Velma Sykes,(37) 1 7188-1432,augue@hotmail.org
Cleo Dorsey,(61) 3 7806-3071,fusce@yahoo.edu
Lucian Baldwin,(63) 6 0855-2465,massa.lobortis@icloud.couk
Zenia Boyer,(86) 6 7677-1454,taciti.sociosqu@icloud.ca
Charity May,(56) 3 4712-7773,massa.rutrum@hotmail.com
Aristotle Anthony,(12) 6 6741-8761,enim.mi.tempor@aol.ca
Grady Thornton,(74) 5 0306-5449,sem@icloud.couk
Ruth Beard,(53) 4 1127-3117,nibh@aol.ca
Madeline Massey,(70) 2 0843-1708,et@hotmail.com
Amena Ford,(28) 5 5918-1667,dignissim.pharetra@hotmail.ca
Tanya Medina,(21) 8 2152-3722,tempor.erat@icloud.net
Kamal Dudley,(34) 5 4383-2211,nec.ligula@protonmail.org
Marvin Holland,(84) 2 8721-7467,nibh.phasellus@yahoo.edu
Theodore Potts,(28) 8 6111-6520,ut.sem.nulla@yahoo.ca
Avye Huffman,(06) 6 6125-8714,morbi.quis@hotmail.net
Liberty Williams,(87) 3 0835-3683,ante.ipsum.primis@google.ca
Tanek Carson,(31) 3 5934-8555,interdum.ligula@google.com
Brett Cruz,(81) 7 4131-3760,placerat.augue@outlook.ca
Blythe Harmon,(52) 5 4838-3455,velit.aliquam.nisl@yahoo.org
Jael Frazier,(65) 4 7469-8157,ac.ipsum@protonmail.org
Herman Gill,(17) 2 3031-0967,id.libero@hotmail.org
Ava Cleveland,(36) 5 4154-1483,dignissim@protonmail.edu
Ora Monroe,(21) 6 4418-7967,orci@protonmail.com
Cheyenne Mathews,(57) 2 6125-1762,sociosqu.ad@protonmail.couk
Ciaran Caldwell,(25) 5 6956-5210,metus.facilisis@icloud.com
Lance Stevens,(11) 4 8665-4480,et.malesuada@protonmail.edu
Jennifer Finch,(68) 1 7658-2261,consectetuer.rhoncus.nullam@protonmail.couk
Paloma Carroll,(05) 5 6648-0961,vitae.erat@icloud.edu
Heather Berg,(56) 3 8457-1083,pede.nunc.sed@yahoo.ca
Quon Roberts,(22) 1 7185-8282,tellus.justo.sit@icloud.org
Scarlett Humphrey,(13) 6 8079-6571,sapien.cras.dolor@aol.edu
Hyatt Munoz,(62) 2 2101-6875,non@icloud.couk
Len Osborne,(86) 1 6984-9267,ullamcorper@protonmail.couk
Alexandra Pena,(03) 2 2522-6149,faucibus.morbi@aol.org
TaShya Duncan,(26) 8 9324-1691,quisque.purus@icloud.com
Rhiannon Howe,(40) 2 6671-1376,id@aol.ca
Arden Burris,(85) 3 7437-8344,mauris.id@protonmail.ca
Hadassah Roy,(20) 5 9176-7726,pharetra.sed@google.ca
April Randolph,(20) 0 0063-6650,in.sodales@google.ca
MacKenzie Walsh,(77) 5 6507-1572,condimentum.donec@hotmail.org
Phoebe Kent,(41) 8 7449-2714,quis.urna.nunc@outlook.couk
Quinn Whitley,(79) 6 4946-7325,nibh.lacinia@aol.net
Kieran Hendricks,(81) 2 3881-2811,dictum.eu@aol.ca
Hunter Dean,(38) 2 8578-4326,iaculis.quis@yahoo.ca
Hoyt Robertson,(42) 8 7559-5391,non.egestas@google.org
Hasad Daniel,(57) 8 7869-6385,tristique.aliquet@hotmail.org
Nola Camacho,(60) 4 6154-7105,at.pede@icloud.com
Amity Atkins,(24) 5 5315-6562,non.lacinia@protonmail.couk
Barclay Todd,(57) 6 9885-0412,sit.amet.diam@hotmail.com
Tatum Chase,(76) 2 4279-5550,aliquam.erat@yahoo.net
Noah Barry,(86) 4 4286-6347,nulla.ante@hotmail.edu
Warren Maldonado,(83) 8 7540-1943,dictum.cursus.nunc@hotmail.edu
Heather Huff,(74) 0 6661-2443,metus.facilisis.lorem@icloud.com
Gareth Hinton,(21) 7 9131-8725,lacinia@google.org
Kiara Berger,(35) 5 6730-0335,gravida.aliquam.tincidunt@protonmail.couk
Cheryl Kelly,(07) 3 2530-4411,quam@aol.net
Howard Watkins,(07) 3 5251-8350,ornare.sagittis@outlook.com
Imelda Harrison,(36) 5 9253-7735,molestie@icloud.edu
Ivor Frye,(51) 1 1740-7117,pellentesque.eget@outlook.net
Chastity Mathis,(54) 8 1032-2667,fermentum.convallis@outlook.couk
Elaine Potter,(74) 0 4216-4273,velit.dui@protonmail.net
Rosalyn Herman,(44) 9 2129-4673,urna@protonmail.ca
George Trevino,(66) 8 3777-7570,rutrum.magna@icloud.edu
Ifeoma Delgado,(33) 1 9613-4594,justo@aol.couk
Zenaida Mack,(22) 8 3501-5967,et.arcu@protonmail.edu
Azalia Robertson,(88) 7 9741-3006,ipsum@yahoo.org
Zane Salinas,(43) 8 1143-8157,rutrum@outlook.ca
Winifred Nicholson,(76) 8 2026-5187,ac@icloud.org
Rebekah Rasmussen,(36) 0 3888-6864,cursus.non.egestas@yahoo.ca
Heather Solis,(21) 8 9534-8664,maecenas.ornare@yahoo.org
Noble Bonner,(11) 9 8358-1157,nec.luctus.felis@outlook.com
Dylan Gallagher,(81) 4 4727-2165,quisque.varius@icloud.couk
Rooney Barrera,(34) 1 7437-6411,quisque@hotmail.net
John Kidd,(41) 2 4169-4729,vitae.erat.vel@outlook.edu
Quamar Cole,(28) 2 5516-1635,arcu.imperdiet@outlook.com
Jelani Skinner,(73) 1 5266-6368,sollicitudin.a@outlook.net
Guinevere Chang,(15) 9 4626-8182,nec.orci.donec@google.edu
Jackson Atkinson,(14) 4 8106-8639,consectetuer.adipiscing.elit@hotmail.net
Jacqueline Horne,(14) 6 3757-0403,nunc.lectus@google.edu
Hilary Mercado,(68) 8 2740-1416,tempor.lorem.eget@yahoo.com
Colleen Rutledge,(55) 5 4462-2466,est@google.org
Blythe Camacho,(70) 1 4253-9993,et.netus.et@google.ca
Travis Walter,(96) 3 5543-4965,non.bibendum@google.couk
Nissim Leach,(74) 4 6712-8212,placerat@aol.org
Macey Savage,(26) 2 2217-4362,nunc.pulvinar.arcu@google.ca
Sebastian Todd,(08) 0 3818-7129,eu.odio.phasellus@protonmail.couk
Tallulah Mcclure,(91) 6 9745-4332,penatibus.et@hotmail.org
Allistair Glass,(64) 3 1621-7593,nunc.risus.varius@outlook.ca
Griffin Raymond,(68) 4 1326-0547,suspendisse.eleifend@yahoo.couk
Nell Patterson,(75) 0 7839-1347,dignissim.maecenas@outlook.net
Rafael Pugh,(13) 2 2706-4946,consequat@icloud.com
William Ewing,(59) 8 4512-6262,leo.elementum.sem@outlook.ca
Magee Mccullough,(36) 7 0683-1726,ac.risus@outlook.net
Kristen Fulton,(87) 9 5568-5474,sit.amet@hotmail.edu
Marcia O'Neill,(89) 3 9135-4435,sed.consequat@hotmail.ca
Urielle Gonzalez,(45) 6 1743-7664,ut.sem@outlook.com
Jasmine Church,(57) 2 5868-5183,penatibus.et@icloud.couk
Cleo Chavez,(18) 8 2856-9768,parturient.montes@outlook.ca
Signe Blackwell,(13) 1 7607-4705,augue.porttitor.interdum@aol.edu
Heidi Head,(16) 1 5641-5361,sit@icloud.org
Shea Bridges,(50) 5 1231-5742,cum.sociis@hotmail.edu
Riley Huffman,(89) 7 7411-2758,cursus.a.enim@protonmail.couk
Mohammad Walls,(45) 6 2538-7883,orci.luctus@outlook.ca
Erich Hendrix,(35) 2 6518-5586,fusce.feugiat@outlook.net
Nayda Richmond,(53) 9 8764-3412,integer.vitae@google.net
Ira Valencia,(39) 0 7361-1268,donec.vitae@outlook.com
Marsden Park,(12) 5 1325-1566,velit@aol.couk
Kai Macias,(97) 6 5721-2037,aliquam@hotmail.edu
Adrienne Hart,(02) 0 5198-7297,etiam@yahoo.net
Myra Haney,(83) 6 0276-6653,rutrum.urna@protonmail.ca
Avram Rice,(62) 3 3892-0463,luctus@google.com
Ivan Richards,(84) 4 6323-5482,nec.cursus@yahoo.ca
Maisie Harvey,(65) 9 4416-8262,pellentesque.tincidunt.tempus@protonmail.net
Callum Figueroa,(88) 4 0742-7681,euismod.enim.etiam@outlook.edu
Pandora Lowe,(78) 3 5619-1733,aliquam@aol.net
Breanna Garcia,(46) 3 1263-7965,vitae.sodales@protonmail.com
Abraham Delacruz,(32) 6 8719-1264,fringilla.purus@protonmail.ca
Justin Lancaster,(36) 3 6649-9772,nisi.a.odio@google.com
April Chan,(82) 8 6540-8253,metus.vitae@aol.com
Piper Nicholson,(54) 2 5425-2155,libero.at@aol.org
Jelani Orr,(33) 8 3476-1124,aliquam@protonmail.couk
Avye Mcdonald,(64) 7 8240-5880,convallis.ante@icloud.ca
Nash Hahn,(24) 6 7851-5864,aliquam@protonmail.net
Alec Acosta,(05) 7 1857-4276,pharetra.sed@icloud.com
Britanni Head,(19) 6 7713-7887,urna@aol.edu
Zoe Mcleod,(79) 2 5517-2599,tempor.lorem@yahoo.com
Clarke Wilcox,(67) 4 2645-7983,nec.leo.morbi@icloud.couk
Timon Sanchez,(25) 7 1574-5435,tempus.risus@google.couk
Sopoline Stewart,(78) 1 1276-4634,dui@yahoo.com
Fatima Lancaster,(32) 6 4697-1379,ornare.egestas@google.ca
Phillip Brady,(15) 1 1875-6611,praesent@outlook.edu
Lacey Marks,(14) 2 4447-2510,cras.vulputate@aol.edu
Serina Vinson,(79) 6 3854-7372,luctus@hotmail.net
Hilda Wall,(09) 3 3667-2648,iaculis@icloud.couk
Madonna Burgess,(88) 8 0322-6338,hendrerit.id@outlook.net
Macaulay Vincent,(39) 5 1686-7737,semper.rutrum.fusce@icloud.edu
Hilda Scott,(77) 0 8146-7339,vel.venenatis.vel@aol.edu
Blossom Snider,(86) 1 4256-4469,auctor.mauris@hotmail.ca
Susan Flowers,(75) 8 4412-8759,dictum.cursus@yahoo.edu
Calista Hammond,(61) 4 5436-1759,viverra.donec.tempus@outlook.edu
Margaret Montgomery,(31) 7 6386-6925,lectus.justo@hotmail.ca
Vielka Webster,(43) 2 7547-7772,quam@outlook.couk
Kathleen Armstrong,(56) 6 7309-3231,morbi.tristique.senectus@icloud.ca
Acton Young,(24) 9 8758-4434,consectetuer@google.ca
Mason Sparks,(67) 4 6236-5457,montes.nascetur.ridiculus@icloud.ca
Dominic Hernandez,(23) 4 1914-6451,sit@google.com
Amy Pittman,(30) 7 5506-4610,torquent.per@outlook.net
Daria Cobb,(78) 0 7854-5529,maecenas.mi.felis@protonmail.ca
Harper Moreno,(07) 6 0417-4668,ut.odio@aol.net
Sebastian Haney,(25) 3 3193-5782,sodales.mauris@icloud.org
Quinlan Hunter,(74) 5 1013-9991,amet.consectetuer@aol.edu
Yoshi Cotton,(85) 4 6882-8718,nisi@icloud.com
Wallace Hubbard,(66) 7 5705-7140,amet.ante@aol.com
Fritz Nieves,(06) 8 6361-3926,eu.euismod.ac@google.ca
Carissa Bolton,(95) 2 8896-7241,consectetuer.adipiscing.elit@yahoo.net
Harrison Davenport,(78) 8 6347-2473,faucibus@google.edu
Charity Baxter,(71) 2 3828-4265,sem.egestas@aol.ca
Logan Franks,(77) 2 3005-7328,tincidunt.tempus@yahoo.org
Chanda Hansen,(14) 8 8437-2215,sem@protonmail.ca
Duncan Cross,(62) 2 2244-4441,at.lacus@hotmail.com
Veronica Weber,(56) 3 9423-4713,ac.arcu@hotmail.ca
Zena Gillespie,(71) 5 4385-4987,vitae@aol.edu
Roary Castillo,(71) 3 8655-3125,aliquam.auctor.velit@outlook.com
Garth Austin,(85) 7 1533-1813,molestie@icloud.com
Shana Walton,(32) 9 9026-9763,eget.metus@hotmail.ca
Ezekiel Huber,(17) 6 7838-6549,cursus@aol.org
Galvin Arnold,(84) 0 2641-2271,magna@outlook.org
Ifeoma Ortega,(32) 5 7104-5663,ligula.aenean@outlook.edu
Melodie Horn,(90) 1 0556-9500,enim.suspendisse.aliquet@icloud.edu
Lana King,(18) 2 4700-1357,quis.turpis.vitae@yahoo.com
Jakeem Acevedo,(42) 6 0372-0633,euismod.in@aol.org
Craig Aguirre,(39) 2 1221-2832,lectus.ante.dictum@yahoo.edu
Donna Delacruz,(18) 3 7579-7327,sagittis@google.couk
Fatima Howe,(10) 9 6558-6616,eu.euismod.ac@outlook.net
Justine Monroe,(75) 2 3561-3552,hendrerit.a@google.couk
Clayton Little,(33) 1 0326-1136,porttitor@aol.net
Conan Adkins,(15) 5 0523-0188,vulputate.nisi@outlook.edu
Zahir Witt,(88) 8 1811-2676,mattis@google.net
Libby Hatfield,(03) 7 4457-4170,nec.ante@yahoo.com
Alfreda Yates,(46) 1 2088-6615,leo.in@aol.net
Carly Serrano,(75) 2 8342-1854,nam.tempor.diam@aol.com
Quemby Hobbs,(66) 6 7585-3684,a.scelerisque@hotmail.com
Kim Rutledge,(55) 0 6811-3473,est.vitae.sodales@aol.ca
Eaton Bernard,(65) 7 3168-0130,luctus.lobortis@yahoo.couk
Ralph Burke,(51) 3 3433-8087,erat.nonummy@aol.org
Katelyn Spears,(66) 3 0658-3363,aliquet.libero.integer@protonmail.net
Amir Ball,(23) 7 7254-9621,at.egestas.a@outlook.com
Christine George,(55) 6 1878-1133,eget.nisi.dictum@yahoo.couk
Herrod Callahan,(10) 3 1877-8473,rhoncus.id.mollis@icloud.edu
Ori Gibbs,(59) 5 4124-3075,amet.diam@aol.com
Amela Trujillo,(93) 3 2651-4336,sem.elit@icloud.net
Lester Gutierrez,(82) 6 8478-9187,proin.mi.aliquam@protonmail.net
Rebecca Roy,(90) 8 4361-6465,integer.in@hotmail.com
Dora O'Neill,(78) 1 2077-1522,metus@hotmail.edu
Asher Mayer,(43) 3 5145-3401,diam.dictum@protonmail.org
Yuri Bush,(41) 4 8701-9381,donec.porttitor@google.ca
Reed Dawson,(38) 1 3812-7751,lorem.vehicula@icloud.edu
Caleb Armstrong,(89) 4 7624-4752,diam@yahoo.net
Naomi Kirkland,(07) 4 5460-1523,suspendisse.dui@icloud.edu
Dylan Lyons,(75) 1 4229-7652,nec.cursus@aol.org
Amity Mclaughlin,(67) 3 0641-6980,phasellus.elit.pede@protonmail.com
Alvin Pitts,(75) 2 3565-0437,bibendum@icloud.ca
Hashim Kirk,(14) 5 1600-7530,ipsum@outlook.ca
Phillip Benson,(69) 0 5435-6224,integer.tincidunt@icloud.couk
Erasmus Yates,(94) 7 3777-7133,nonummy.ultricies@protonmail.net
Willa Moss,(57) 5 8785-7810,vel.venenatis@aol.org
Vaughan Lynch,(77) 6 8823-8891,ipsum@google.net
Steven Middleton,(54) 5 9718-2445,lorem@protonmail.ca
Iona Walls,(27) 1 6182-3618,augue.sed.molestie@google.ca
Darryl Baxter,(75) 1 4337-8168,lectus.convallis@protonmail.edu
Caryn Joyce,(77) 0 6563-7387,magnis.dis@icloud.com
Benedict Fitzgerald,(52) 4 1435-4218,donec.felis@hotmail.org
Neville Nguyen,(21) 8 2243-3213,metus.in@icloud.com
Celeste Morgan,(26) 2 2119-1226,sit@hotmail.edu
Orla Rush,(04) 8 8525-1736,justo@aol.com
Bernard Wiley,(68) 8 4507-3563,tortor.integer@google.edu
Hayes Morales,(81) 1 5541-4392,aliquam.iaculis.lacus@yahoo.net
Carl Downs,(21) 0 5553-0211,ac.risus@google.com
Hope Pennington,(31) 0 5856-2615,quis@aol.ca
Gage Travis,(84) 2 3293-4685,eget.ipsum@google.edu
Wynter Yates,(84) 5 2713-1268,arcu@outlook.net
Aaron Cabrera,(31) 3 7381-5551,velit@protonmail.edu
Anne Salas,(42) 2 8336-8587,dolor.donec@protonmail.net
Nicholas Winters,(45) 7 0121-5134,amet@aol.couk
Barry Frye,(64) 3 7773-1258,eu.augue.porttitor@hotmail.com
Keane Mccoy,(81) 2 2591-2895,donec.est.mauris@yahoo.org
Phyllis Welch,(13) 3 4802-7375,ut.erat@protonmail.couk
Jorden Gilmore,(81) 2 7914-1302,tristique.pellentesque@outlook.couk
Ezra Douglas,(50) 5 5171-4311,posuere.vulputate@yahoo.ca
Nash Mosley,(43) 5 1559-4429,nisl.quisque@protonmail.org
Damian O'connor,(62) 4 8202-8532,nulla.aliquet@yahoo.net
Ferdinand Thornton,(73) 0 6632-5264,nonummy.ac.feugiat@outlook.org
Joy Woodard,(48) 8 1178-4461,sit.amet@google.couk
Branden Brown,(78) 6 6448-8647,nec.mollis.vitae@google.couk
Chase Fuller,(52) 8 1161-8217,pretium.neque@outlook.org
Harding Valencia,(16) 2 3170-7064,ut.eros@outlook.edu
Octavia Santiago,(77) 1 6914-7623,elit.a@icloud.org
Porter Forbes,(11) 3 3418-5971,ipsum@outlook.net
Macey Bruce,(10) 8 8427-0017,nunc@hotmail.edu
Armand Caldwell,(40) 6 6184-3656,mollis@hotmail.ca
Nayda Wall,(62) 6 9853-7868,iaculis.odio.nam@aol.ca
Octavius Navarro,(87) 4 5141-5270,rhoncus.donec.est@yahoo.com
Oleg Humphrey,(63) 9 4178-1241,vitae.dolor@protonmail.com
Tanya Navarro,(88) 2 4671-7257,nascetur.ridiculus.mus@outlook.com
Travis Rice,(15) 9 8884-3258,sed.tortor@icloud.couk
Blaze Hernandez,(58) 8 1649-2519,dictum.eu.eleifend@google.couk
Jael Riggs,(56) 4 1573-3821,vel.mauris.integer@protonmail.com
Dean Wade,(42) 9 8773-5631,nunc.in@outlook.ca
Kevyn Johnston,(78) 5 8416-1069,purus.ac@google.net
Nell Dawson,(13) 5 8486-7467,non.lorem@yahoo.edu
Bree Bright,(43) 5 8851-4268,libero@hotmail.com
Fritz Hartman,(04) 5 4643-7337,amet@hotmail.couk
Brent Joyce,(42) 4 1686-2161,non.enim@outlook.couk
Elaine Crosby,(75) 7 4449-2632,nisl@aol.com
Kylee Stevenson,(44) 8 2795-3923,mollis.nec.cursus@hotmail.net
India Palmer,(08) 3 2666-3115,fames@aol.net
Brenna Gardner,(49) 5 3181-7331,aenean@icloud.couk
Ivory Douglas,(72) 3 8264-1473,nullam@outlook.net
Elliott Berg,(34) 2 0638-5935,semper@yahoo.net
Bo Sutton,(97) 8 8650-4254,id@hotmail.org
